|WEEK|PLN|PLN_LABEL|PRODUCT_CATEGORY|PRODUCT_CATEGORY_LABEL|OPSTUDY|OPSTUDY_LABEL|ACTUAL|BU|SEG|PROMO
0|1160529|40000223091|NIDO MILK PWDR NIDO FCRM  28.16OZ|006-108|ETHNIC|6|GENERAL GROCERIES|2.0|Consumables|B|N
1|1160529|40000223091|NIDO MILK PWDR NIDO FCRM  28.16OZ|006-108|ETHNIC|6|GENERAL GROCERIES|36.0|Consumables|C4|N
235461|1151227|40000223091|NIDO MILK PWDR NIDO FCRM  28.16OZ|006-108|ETHNIC|6|GENERAL GROCERIES|0.0|Consumables|A|N
235462|1151227|40000223091|NIDO MILK PWDR NIDO FCRM  28.16OZ|006-108|ETHNIC|6|GENERAL GROCERIES|33.0|Consumables|C4|N
235463|1151227|40000223091|NIDO MILK PWDR NIDO FCRM  28.16OZ|006-108|ETHNIC|6|GENERAL GROCERIES|0.0|Consumables|B|N
235464|1151227|40000223091|NIDO MILK PWDR NIDO FCRM  28.16OZ|006-108|ETHNIC|6|GENERAL GROCERIES|0.0|Consumables|NoSegment-C|N
353078|1151004|40000223091|NIDO MILK PWDR NIDO FCRM  28.16OZ|006-108|ETHNIC|6|GENERAL GROCERIES|0.0|Consumables|A|N
353079|1151004|40000223091|NIDO MILK PWDR NIDO FCRM  28.16OZ|006-108|ETHNIC|6|GENERAL GROCERIES|36.0|Consumables|C4|N
353080|1151004|40000223091|NIDO MILK PWDR NIDO FCRM  28.16OZ|006-108|ETHNIC|6|GENERAL GROCERIES|1.0|Consumables|B|N
353081|1151004|40000223091|NIDO MILK PWDR NIDO FCRM  28.16OZ|006-108|ETHNIC|6|GENERAL GROCERIES|0.0|Consumables|NoSegment-C|N
399031|1151011|40000223091|NIDO MILK PWDR NIDO FCRM  28.16OZ|006-108|ETHNIC|6|GENERAL GROCERIES|0.0|Consumables|A|N
399032|1151011|40000223091|NIDO MILK PWDR NIDO FCRM  28.16OZ|006-108|ETHNIC|6|GENERAL GROCERIES|29.0|Consumables|C4|N
399033|1151011|40000223091|NIDO MILK PWDR NIDO FCRM  28.16OZ|006-108|ETHNIC|6|GENERAL GROCERIES|2.0|Consumables|B|N
399034|1151011|40000223091|NIDO MILK PWDR NIDO FCRM  28.16OZ|006-108|ETHNIC|6|GENERAL GROCERIES|2.0|Consumables|NoSegment-C|N
620597|1151018|40000223091|NIDO MILK PWDR NIDO FCRM  28.16OZ|006-108|ETHNIC|6|GENERAL GROCERIES|3.0|Consumables|A|N
620598|1151018|40000223091|NIDO MILK PWDR NIDO FCRM  28.16OZ|006-108|ETHNIC|6|GENERAL GROCERIES|23.0|Consumables|C4|N
620599|1151018|40000223091|NIDO MILK PWDR NIDO FCRM  28.16OZ|006-108|ETHNIC|6|GENERAL GROCERIES|1.0|Consumables|B|N
620600|1151018|40000223091|NIDO MILK PWDR NIDO FCRM  28.16OZ|006-108|ETHNIC|6|GENERAL GROCERIES|2.0|Consumables|NoSegment-C|N
770060|1151025|40000223091|NIDO MILK PWDR NIDO FCRM  28.16OZ|006-108|ETHNIC|6|GENERAL GROCERIES|0.0|Consumables|A|N
770061|1151025|40000223091|NIDO MILK PWDR NIDO FCRM  28.16OZ|006-108|ETHNIC|6|GENERAL GROCERIES|39.0|Consumables|C4|N
770062|1151025|40000223091|NIDO MILK PWDR NIDO FCRM  28.16OZ|006-108|ETHNIC|6|GENERAL GROCERIES|1.0|Consumables|B|N
770063|1151025|40000223091|NIDO MILK PWDR NIDO FCRM  28.16OZ|006-108|ETHNIC|6|GENERAL GROCERIES|3.0|Consumables|NoSegment-C|N
903626|1151101|40000223091|NIDO MILK PWDR NIDO FCRM  28.16OZ|006-108|ETHNIC|6|GENERAL GROCERIES|1.0|Consumables|A|N
903627|1151101|40000223091|NIDO MILK PWDR NIDO FCRM  28.16OZ|006-108|ETHNIC|6|GENERAL GROCERIES|33.0|Consumables|C4|N
903628|1151101|40000223091|NIDO MILK PWDR NIDO FCRM  28.16OZ|006-108|ETHNIC|6|GENERAL GROCERIES|0.0|Consumables|B|N
903629|1151101|40000223091|NIDO MILK PWDR NIDO FCRM  28.16OZ|006-108|ETHNIC|6|GENERAL GROCERIES|1.0|Consumables|NoSegment-C|N
1035896|1151108|40000223091|NIDO MILK PWDR NIDO FCRM  28.16OZ|006-108|ETHNIC|6|GENERAL GROCERIES|0.0|Consumables|A|N
1035897|1151108|40000223091|NIDO MILK PWDR NIDO FCRM  28.16OZ|006-108|ETHNIC|6|GENERAL GROCERIES|27.0|Consumables|C4|N
1035898|1151108|40000223091|NIDO MILK PWDR NIDO FCRM  28.16OZ|006-108|ETHNIC|6|GENERAL GROCERIES|0.0|Consumables|B|N
1035899|1151108|40000223091|NIDO MILK PWDR NIDO FCRM  28.16OZ|006-108|ETHNIC|6|GENERAL GROCERIES|0.0|Consumables|NoSegment-C|N
1163730|1151115|40000223091|NIDO MILK PWDR NIDO FCRM  28.16OZ|006-108|ETHNIC|6|GENERAL GROCERIES|0.0|Consumables|A|N
1163731|1151115|40000223091|NIDO MILK PWDR NIDO FCRM  28.16OZ|006-108|ETHNIC|6|GENERAL GROCERIES|30.0|Consumables|C4|N
1163732|1151115|40000223091|NIDO MILK PWDR NIDO FCRM  28.16OZ|006-108|ETHNIC|6|GENERAL GROCERIES|0.0|Consumables|B|N
1163733|1151115|40000223091|NIDO MILK PWDR NIDO FCRM  28.16OZ|006-108|ETHNIC|6|GENERAL GROCERIES|1.0|Consumables|NoSegment-C|N
1294053|1151122|40000223091|NIDO MILK PWDR NIDO FCRM  28.16OZ|006-108|ETHNIC|6|GENERAL GROCERIES|0.0|Consumables|A|N
1294054|1151122|40000223091|NIDO MILK PWDR NIDO FCRM  28.16OZ|006-108|ETHNIC|6|GENERAL GROCERIES|31.0|Consumables|C4|N
1294055|1151122|40000223091|NIDO MILK PWDR NIDO FCRM  28.16OZ|006-108|ETHNIC|6|GENERAL GROCERIES|0.0|Consumables|B|N
1294056|1151122|40000223091|NIDO MILK PWDR NIDO FCRM  28.16OZ|006-108|ETHNIC|6|GENERAL GROCERIES|0.0|Consumables|NoSegment-C|N
1426186|1151129|40000223091|NIDO MILK PWDR NIDO FCRM  28.16OZ|006-108|ETHNIC|6|GENERAL GROCERIES|0.0|Consumables|A|N
1426187|1151129|40000223091|NIDO MILK PWDR NIDO FCRM  28.16OZ|006-108|ETHNIC|6|GENERAL GROCERIES|26.0|Consumables|C4|N
1426188|1151129|40000223091|NIDO MILK PWDR NIDO FCRM  28.16OZ|006-108|ETHNIC|6|GENERAL GROCERIES|0.0|Consumables|B|N
1426189|1151129|40000223091|NIDO MILK PWDR NIDO FCRM  28.16OZ|006-108|ETHNIC|6|GENERAL GROCERIES|2.0|Consumables|NoSegment-C|N
1542609|1151206|40000223091|NIDO MILK PWDR NIDO FCRM  28.16OZ|006-108|ETHNIC|6|GENERAL GROCERIES|0.0|Consumables|A|N
1542610|1151206|40000223091|NIDO MILK PWDR NIDO FCRM  28.16OZ|006-108|ETHNIC|6|GENERAL GROCERIES|19.0|Consumables|C4|N
1542611|1151206|40000223091|NIDO MILK PWDR NIDO FCRM  28.16OZ|006-108|ETHNIC|6|GENERAL GROCERIES|0.0|Consumables|B|N
1542612|1151206|40000223091|NIDO MILK PWDR NIDO FCRM  28.16OZ|006-108|ETHNIC|6|GENERAL GROCERIES|3.0|Consumables|NoSegment-C|N
1688914|1151213|40000223091|NIDO MILK PWDR NIDO FCRM  28.16OZ|006-108|ETHNIC|6|GENERAL GROCERIES|0.0|Consumables|A|N
1688915|1151213|40000223091|NIDO MILK PWDR NIDO FCRM  28.16OZ|006-108|ETHNIC|6|GENERAL GROCERIES|35.0|Consumables|C4|N
1688916|1151213|40000223091|NIDO MILK PWDR NIDO FCRM  28.16OZ|006-108|ETHNIC|6|GENERAL GROCERIES|0.0|Consumables|B|N
1688917|1151213|40000223091|NIDO MILK PWDR NIDO FCRM  28.16OZ|006-108|ETHNIC|6|GENERAL GROCERIES|-1.0|Consumables|NoSegment-C|N
1799899|1151220|40000223091|NIDO MILK PWDR NIDO FCRM  28.16OZ|006-108|ETHNIC|6|GENERAL GROCERIES|2.0|Consumables|A|N
1799900|1151220|40000223091|NIDO MILK PWDR NIDO FCRM  28.16OZ|006-108|ETHNIC|6|GENERAL GROCERIES|58.0|Consumables|C4|N
1799901|1151220|40000223091|NIDO MILK PWDR NIDO FCRM  28.16OZ|006-108|ETHNIC|6|GENERAL GROCERIES|1.0|Consumables|B|N
1799902|1151220|40000223091|NIDO MILK PWDR NIDO FCRM  28.16OZ|006-108|ETHNIC|6|GENERAL GROCERIES|4.0|Consumables|NoSegment-C|N
1887405|1150301|40000223091|NIDO MILK PWDR NIDO FCRM  28.16OZ|006-108|ETHNIC|6|GENERAL GROCERIES|2.0|Consumables|B|
1887406|1150301|40000223091|NIDO MILK PWDR NIDO FCRM  28.16OZ|006-108|ETHNIC|6|GENERAL GROCERIES|24.0|Consumables|C4|
1999569|1150308|40000223091|NIDO MILK PWDR NIDO FCRM  28.16OZ|006-108|ETHNIC|6|GENERAL GROCERIES|4.0|Consumables|B|
1999570|1150308|40000223091|NIDO MILK PWDR NIDO FCRM  28.16OZ|006-108|ETHNIC|6|GENERAL GROCERIES|13.0|Consumables|C4|
2111121|1150315|40000223091|NIDO MILK PWDR NIDO FCRM  28.16OZ|006-108|ETHNIC|6|GENERAL GROCERIES|6.0|Consumables|B|
2111122|1150315|40000223091|NIDO MILK PWDR NIDO FCRM  28.16OZ|006-108|ETHNIC|6|GENERAL GROCERIES|22.0|Consumables|C4|
2223421|1150322|40000223091|NIDO MILK PWDR NIDO FCRM  28.16OZ|006-108|ETHNIC|6|GENERAL GROCERIES|6.0|Consumables|B|
2223422|1150322|40000223091|NIDO MILK PWDR NIDO FCRM  28.16OZ|006-108|ETHNIC|6|GENERAL GROCERIES|15.0|Consumables|C4|
2336830|1150329|40000223091|NIDO MILK PWDR NIDO FCRM  28.16OZ|006-108|ETHNIC|6|GENERAL GROCERIES|2.0|Consumables|B|
2336831|1150329|40000223091|NIDO MILK PWDR NIDO FCRM  28.16OZ|006-108|ETHNIC|6|GENERAL GROCERIES|20.0|Consumables|C4|
2450351|1150405|40000223091|NIDO MILK PWDR NIDO FCRM  28.16OZ|006-108|ETHNIC|6|GENERAL GROCERIES|2.0|Consumables|B|
2450352|1150405|40000223091|NIDO MILK PWDR NIDO FCRM  28.16OZ|006-108|ETHNIC|6|GENERAL GROCERIES|21.0|Consumables|C4|
2564181|1150412|40000223091|NIDO MILK PWDR NIDO FCRM  28.16OZ|006-108|ETHNIC|6|GENERAL GROCERIES|0.0|Consumables|A|
2564182|1150412|40000223091|NIDO MILK PWDR NIDO FCRM  28.16OZ|006-108|ETHNIC|6|GENERAL GROCERIES|11.0|Consumables|C4|
2564183|1150412|40000223091|NIDO MILK PWDR NIDO FCRM  28.16OZ|006-108|ETHNIC|6|GENERAL GROCERIES|1.0|Consumables|B|
2564184|1150412|40000223091|NIDO MILK PWDR NIDO FCRM  28.16OZ|006-108|ETHNIC|6|GENERAL GROCERIES|0.0|Consumables|NoSegment-C|
2677141|1150419|40000223091|NIDO MILK PWDR NIDO FCRM  28.16OZ|006-108|ETHNIC|6|GENERAL GROCERIES|0.0|Consumables|A|
2677142|1150419|40000223091|NIDO MILK PWDR NIDO FCRM  28.16OZ|006-108|ETHNIC|6|GENERAL GROCERIES|11.0|Consumables|C4|
2677143|1150419|40000223091|NIDO MILK PWDR NIDO FCRM  28.16OZ|006-108|ETHNIC|6|GENERAL GROCERIES|5.0|Consumables|B|
2677144|1150419|40000223091|NIDO MILK PWDR NIDO FCRM  28.16OZ|006-108|ETHNIC|6|GENERAL GROCERIES|0.0|Consumables|NoSegment-C|
2789962|1150426|40000223091|NIDO MILK PWDR NIDO FCRM  28.16OZ|006-108|ETHNIC|6|GENERAL GROCERIES|0.0|Consumables|A|
2789963|1150426|40000223091|NIDO MILK PWDR NIDO FCRM  28.16OZ|006-108|ETHNIC|6|GENERAL GROCERIES|16.0|Consumables|C4|
2789964|1150426|40000223091|NIDO MILK PWDR NIDO FCRM  28.16OZ|006-108|ETHNIC|6|GENERAL GROCERIES|5.0|Consumables|B|
2789965|1150426|40000223091|NIDO MILK PWDR NIDO FCRM  28.16OZ|006-108|ETHNIC|6|GENERAL GROCERIES|0.0|Consumables|NoSegment-C|
2902796|1150503|40000223091|NIDO MILK PWDR NIDO FCRM  28.16OZ|006-108|ETHNIC|6|GENERAL GROCERIES|0.0|Consumables|A|
2902797|1150503|40000223091|NIDO MILK PWDR NIDO FCRM  28.16OZ|006-108|ETHNIC|6|GENERAL GROCERIES|2.0|Consumables|C4|
2902798|1150503|40000223091|NIDO MILK PWDR NIDO FCRM  28.16OZ|006-108|ETHNIC|6|GENERAL GROCERIES|4.0|Consumables|B|
2902799|1150503|40000223091|NIDO MILK PWDR NIDO FCRM  28.16OZ|006-108|ETHNIC|6|GENERAL GROCERIES|0.0|Consumables|NoSegment-C|
3018496|1150208|40000223091|NIDO MILK PWDR NIDO FCRM  28.16OZ|006-108|ETHNIC|6|GENERAL GROCERIES|16.0|Consumables|C3|
3018497|1150208|40000223091|NIDO MILK PWDR NIDO FCRM  28.16OZ|006-108|ETHNIC|6|GENERAL GROCERIES|4.0|Consumables|B|
3138315|1150215|40000223091|NIDO MILK PWDR NIDO FCRM  28.16OZ|006-108|ETHNIC|6|GENERAL GROCERIES|9.0|Consumables|C3|
3138316|1150215|40000223091|NIDO MILK PWDR NIDO FCRM  28.16OZ|006-108|ETHNIC|6|GENERAL GROCERIES|4.0|Consumables|B|
3259469|1150222|40000223091|NIDO MILK PWDR NIDO FCRM  28.16OZ|006-108|ETHNIC|6|GENERAL GROCERIES|15.0|Consumables|C3|
3259470|1150222|40000223091|NIDO MILK PWDR NIDO FCRM  28.16OZ|006-108|ETHNIC|6|GENERAL GROCERIES|4.0|Consumables|B|
3378138|1150510|40000223091|NIDO MILK PWDR NIDO FCRM  28.16OZ|006-108|ETHNIC|6|GENERAL GROCERIES|0.0|Consumables|A|
3378139|1150510|40000223091|NIDO MILK PWDR NIDO FCRM  28.16OZ|006-108|ETHNIC|6|GENERAL GROCERIES|12.0|Consumables|C4|
3378140|1150510|40000223091|NIDO MILK PWDR NIDO FCRM  28.16OZ|006-108|ETHNIC|6|GENERAL GROCERIES|0.0|Consumables|B|
3378141|1150510|40000223091|NIDO MILK PWDR NIDO FCRM  28.16OZ|006-108|ETHNIC|6|GENERAL GROCERIES|0.0|Consumables|NoSegment-C|
3490244|1150517|40000223091|NIDO MILK PWDR NIDO FCRM  28.16OZ|006-108|ETHNIC|6|GENERAL GROCERIES|0.0|Consumables|A|
3490245|1150517|40000223091|NIDO MILK PWDR NIDO FCRM  28.16OZ|006-108|ETHNIC|6|GENERAL GROCERIES|9.0|Consumables|C4|
3490246|1150517|40000223091|NIDO MILK PWDR NIDO FCRM  28.16OZ|006-108|ETHNIC|6|GENERAL GROCERIES|1.0|Consumables|B|
3490247|1150517|40000223091|NIDO MILK PWDR NIDO FCRM  28.16OZ|006-108|ETHNIC|6|GENERAL GROCERIES|0.0|Consumables|NoSegment-C|
3601904|1150524|40000223091|NIDO MILK PWDR NIDO FCRM  28.16OZ|006-108|ETHNIC|6|GENERAL GROCERIES|0.0|Consumables|A|
3601905|1150524|40000223091|NIDO MILK PWDR NIDO FCRM  28.16OZ|006-108|ETHNIC|6|GENERAL GROCERIES|1.0|Consumables|C4|
3601906|1150524|40000223091|NIDO MILK PWDR NIDO FCRM  28.16OZ|006-108|ETHNIC|6|GENERAL GROCERIES|1.0|Consumables|B|
3601907|1150524|40000223091|NIDO MILK PWDR NIDO FCRM  28.16OZ|006-108|ETHNIC|6|GENERAL GROCERIES|0.0|Consumables|NoSegment-C|
3713546|1150531|40000223091|NIDO MILK PWDR NIDO FCRM  28.16OZ|006-108|ETHNIC|6|GENERAL GROCERIES|0.0|Consumables|A|
3713547|1150531|40000223091|NIDO MILK PWDR NIDO FCRM  28.16OZ|006-108|ETHNIC|6|GENERAL GROCERIES|8.0|Consumables|C4|
3713548|1150531|40000223091|NIDO MILK PWDR NIDO FCRM  28.16OZ|006-108|ETHNIC|6|GENERAL GROCERIES|2.0|Consumables|B|
3713549|1150531|40000223091|NIDO MILK PWDR NIDO FCRM  28.16OZ|006-108|ETHNIC|6|GENERAL GROCERIES|0.0|Consumables|NoSegment-C|
3818625|1150607|40000223091|NIDO MILK PWDR NIDO FCRM  28.16OZ|006-108|ETHNIC|6|GENERAL GROCERIES|0.0|Consumables|A|
3818626|1150607|40000223091|NIDO MILK PWDR NIDO FCRM  28.16OZ|006-108|ETHNIC|6|GENERAL GROCERIES|6.0|Consumables|C4|
3818627|1150607|40000223091|NIDO MILK PWDR NIDO FCRM  28.16OZ|006-108|ETHNIC|6|GENERAL GROCERIES|1.0|Consumables|B|
3818628|1150607|40000223091|NIDO MILK PWDR NIDO FCRM  28.16OZ|006-108|ETHNIC|6|GENERAL GROCERIES|0.0|Consumables|NoSegment-C|
3936237|1150614|40000223091|NIDO MILK PWDR NIDO FCRM  28.16OZ|006-108|ETHNIC|6|GENERAL GROCERIES|0.0|Consumables|A|
3936238|1150614|40000223091|NIDO MILK PWDR NIDO FCRM  28.16OZ|006-108|ETHNIC|6|GENERAL GROCERIES|3.0|Consumables|C4|
3936239|1150614|40000223091|NIDO MILK PWDR NIDO FCRM  28.16OZ|006-108|ETHNIC|6|GENERAL GROCERIES|1.0|Consumables|B|
3936240|1150614|40000223091|NIDO MILK PWDR NIDO FCRM  28.16OZ|006-108|ETHNIC|6|GENERAL GROCERIES|0.0|Consumables|NoSegment-C|
4046349|1150621|40000223091|NIDO MILK PWDR NIDO FCRM  28.16OZ|006-108|ETHNIC|6|GENERAL GROCERIES|0.0|Consumables|A|
4046350|1150621|40000223091|NIDO MILK PWDR NIDO FCRM  28.16OZ|006-108|ETHNIC|6|GENERAL GROCERIES|9.0|Consumables|C4|
4046351|1150621|40000223091|NIDO MILK PWDR NIDO FCRM  28.16OZ|006-108|ETHNIC|6|GENERAL GROCERIES|0.0|Consumables|B|
4046352|1150621|40000223091|NIDO MILK PWDR NIDO FCRM  28.16OZ|006-108|ETHNIC|6|GENERAL GROCERIES|0.0|Consumables|NoSegment-C|
4150072|1150628|40000223091|NIDO MILK PWDR NIDO FCRM  28.16OZ|006-108|ETHNIC|6|GENERAL GROCERIES|0.0|Consumables|A|
4150073|1150628|40000223091|NIDO MILK PWDR NIDO FCRM  28.16OZ|006-108|ETHNIC|6|GENERAL GROCERIES|9.0|Consumables|C4|
4150074|1150628|40000223091|NIDO MILK PWDR NIDO FCRM  28.16OZ|006-108|ETHNIC|6|GENERAL GROCERIES|0.0|Consumables|B|
4150075|1150628|40000223091|NIDO MILK PWDR NIDO FCRM  28.16OZ|006-108|ETHNIC|6|GENERAL GROCERIES|0.0|Consumables|NoSegment-C|
4327193|1150705|40000223091|NIDO MILK PWDR NIDO FCRM  28.16OZ|006-108|ETHNIC|6|GENERAL GROCERIES|2.0|Consumables|A|
4327194|1150705|40000223091|NIDO MILK PWDR NIDO FCRM  28.16OZ|006-108|ETHNIC|6|GENERAL GROCERIES|9.0|Consumables|C4|
4327195|1150705|40000223091|NIDO MILK PWDR NIDO FCRM  28.16OZ|006-108|ETHNIC|6|GENERAL GROCERIES|0.0|Consumables|B|
4327196|1150705|40000223091|NIDO MILK PWDR NIDO FCRM  28.16OZ|006-108|ETHNIC|6|GENERAL GROCERIES|0.0|Consumables|NoSegment-C|
4436401|1150712|40000223091|NIDO MILK PWDR NIDO FCRM  28.16OZ|006-108|ETHNIC|6|GENERAL GROCERIES|0.0|Consumables|A|
4436402|1150712|40000223091|NIDO MILK PWDR NIDO FCRM  28.16OZ|006-108|ETHNIC|6|GENERAL GROCERIES|9.0|Consumables|C4|
4436403|1150712|40000223091|NIDO MILK PWDR NIDO FCRM  28.16OZ|006-108|ETHNIC|6|GENERAL GROCERIES|0.0|Consumables|B|
4436404|1150712|40000223091|NIDO MILK PWDR NIDO FCRM  28.16OZ|006-108|ETHNIC|6|GENERAL GROCERIES|0.0|Consumables|NoSegment-C|
4478846|1150719|40000223091|NIDO MILK PWDR NIDO FCRM  28.16OZ|006-108|ETHNIC|6|GENERAL GROCERIES|0.0|Consumables|A|
4478847|1150719|40000223091|NIDO MILK PWDR NIDO FCRM  28.16OZ|006-108|ETHNIC|6|GENERAL GROCERIES|3.0|Consumables|C4|
4478848|1150719|40000223091|NIDO MILK PWDR NIDO FCRM  28.16OZ|006-108|ETHNIC|6|GENERAL GROCERIES|0.0|Consumables|B|
4478849|1150719|40000223091|NIDO MILK PWDR NIDO FCRM  28.16OZ|006-108|ETHNIC|6|GENERAL GROCERIES|0.0|Consumables|NoSegment-C|
4654767|1150726|40000223091|NIDO MILK PWDR NIDO FCRM  28.16OZ|006-108|ETHNIC|6|GENERAL GROCERIES|0.0|Consumables|A|
4654768|1150726|40000223091|NIDO MILK PWDR NIDO FCRM  28.16OZ|006-108|ETHNIC|6|GENERAL GROCERIES|3.0|Consumables|C4|
4654769|1150726|40000223091|NIDO MILK PWDR NIDO FCRM  28.16OZ|006-108|ETHNIC|6|GENERAL GROCERIES|0.0|Consumables|B|
4654770|1150726|40000223091|NIDO MILK PWDR NIDO FCRM  28.16OZ|006-108|ETHNIC|6|GENERAL GROCERIES|0.0|Consumables|NoSegment-C|
4763980|1150802|40000223091|NIDO MILK PWDR NIDO FCRM  28.16OZ|006-108|ETHNIC|6|GENERAL GROCERIES|0.0|Consumables|A|
4763981|1150802|40000223091|NIDO MILK PWDR NIDO FCRM  28.16OZ|006-108|ETHNIC|6|GENERAL GROCERIES|14.0|Consumables|C4|
4763982|1150802|40000223091|NIDO MILK PWDR NIDO FCRM  28.16OZ|006-108|ETHNIC|6|GENERAL GROCERIES|1.0|Consumables|B|
4763983|1150802|40000223091|NIDO MILK PWDR NIDO FCRM  28.16OZ|006-108|ETHNIC|6|GENERAL GROCERIES|0.0|Consumables|NoSegment-C|
4873748|1150809|40000223091|NIDO MILK PWDR NIDO FCRM  28.16OZ|006-108|ETHNIC|6|GENERAL GROCERIES|0.0|Consumables|A|
4873749|1150809|40000223091|NIDO MILK PWDR NIDO FCRM  28.16OZ|006-108|ETHNIC|6|GENERAL GROCERIES|14.0|Consumables|C4|
4873750|1150809|40000223091|NIDO MILK PWDR NIDO FCRM  28.16OZ|006-108|ETHNIC|6|GENERAL GROCERIES|1.0|Consumables|B|
4873751|1150809|40000223091|NIDO MILK PWDR NIDO FCRM  28.16OZ|006-108|ETHNIC|6|GENERAL GROCERIES|0.0|Consumables|NoSegment-C|
4983078|1150816|40000223091|NIDO MILK PWDR NIDO FCRM  28.16OZ|006-108|ETHNIC|6|GENERAL GROCERIES|1.0|Consumables|A|
4983079|1150816|40000223091|NIDO MILK PWDR NIDO FCRM  28.16OZ|006-108|ETHNIC|6|GENERAL GROCERIES|22.0|Consumables|C4|
4983080|1150816|40000223091|NIDO MILK PWDR NIDO FCRM  28.16OZ|006-108|ETHNIC|6|GENERAL GROCERIES|2.0|Consumables|B|
4983081|1150816|40000223091|NIDO MILK PWDR NIDO FCRM  28.16OZ|006-108|ETHNIC|6|GENERAL GROCERIES|0.0|Consumables|NoSegment-C|
5092187|1150823|40000223091|NIDO MILK PWDR NIDO FCRM  28.16OZ|006-108|ETHNIC|6|GENERAL GROCERIES|1.0|Consumables|A|
5092188|1150823|40000223091|NIDO MILK PWDR NIDO FCRM  28.16OZ|006-108|ETHNIC|6|GENERAL GROCERIES|21.0|Consumables|C4|
5092189|1150823|40000223091|NIDO MILK PWDR NIDO FCRM  28.16OZ|006-108|ETHNIC|6|GENERAL GROCERIES|8.0|Consumables|B|
5092190|1150823|40000223091|NIDO MILK PWDR NIDO FCRM  28.16OZ|006-108|ETHNIC|6|GENERAL GROCERIES|0.0|Consumables|NoSegment-C|
5201292|1150830|40000223091|NIDO MILK PWDR NIDO FCRM  28.16OZ|006-108|ETHNIC|6|GENERAL GROCERIES|2.0|Consumables|A|
5201293|1150830|40000223091|NIDO MILK PWDR NIDO FCRM  28.16OZ|006-108|ETHNIC|6|GENERAL GROCERIES|15.0|Consumables|C4|
5201294|1150830|40000223091|NIDO MILK PWDR NIDO FCRM  28.16OZ|006-108|ETHNIC|6|GENERAL GROCERIES|3.0|Consumables|B|
5201295|1150830|40000223091|NIDO MILK PWDR NIDO FCRM  28.16OZ|006-108|ETHNIC|6|GENERAL GROCERIES|1.0|Consumables|NoSegment-C|
5301521|1150927|40000223091|NIDO MILK PWDR NIDO FCRM  28.16OZ|006-108|ETHNIC|6|GENERAL GROCERIES|1.0|Consumables|A|N
5301522|1150927|40000223091|NIDO MILK PWDR NIDO FCRM  28.16OZ|006-108|ETHNIC|6|GENERAL GROCERIES|26.0|Consumables|C4|N
5301523|1150927|40000223091|NIDO MILK PWDR NIDO FCRM  28.16OZ|006-108|ETHNIC|6|GENERAL GROCERIES|0.0|Consumables|B|N
5301524|1150927|40000223091|NIDO MILK PWDR NIDO FCRM  28.16OZ|006-108|ETHNIC|6|GENERAL GROCERIES|0.0|Consumables|NoSegment-C|N
5444798|1150906|40000223091|NIDO MILK PWDR NIDO FCRM  28.16OZ|006-108|ETHNIC|6|GENERAL GROCERIES|0.0|Consumables|A|N
5444799|1150906|40000223091|NIDO MILK PWDR NIDO FCRM  28.16OZ|006-108|ETHNIC|6|GENERAL GROCERIES|27.0|Consumables|C4|N
5444800|1150906|40000223091|NIDO MILK PWDR NIDO FCRM  28.16OZ|006-108|ETHNIC|6|GENERAL GROCERIES|0.0|Consumables|B|N
5444801|1150906|40000223091|NIDO MILK PWDR NIDO FCRM  28.16OZ|006-108|ETHNIC|6|GENERAL GROCERIES|1.0|Consumables|NoSegment-C|N
5607035|1150913|40000223091|NIDO MILK PWDR NIDO FCRM  28.16OZ|006-108|ETHNIC|6|GENERAL GROCERIES|1.0|Consumables|A|N
5607036|1150913|40000223091|NIDO MILK PWDR NIDO FCRM  28.16OZ|006-108|ETHNIC|6|GENERAL GROCERIES|32.0|Consumables|C4|N
5607037|1150913|40000223091|NIDO MILK PWDR NIDO FCRM  28.16OZ|006-108|ETHNIC|6|GENERAL GROCERIES|0.0|Consumables|B|N
5607038|1150913|40000223091|NIDO MILK PWDR NIDO FCRM  28.16OZ|006-108|ETHNIC|6|GENERAL GROCERIES|0.0|Consumables|NoSegment-C|N
5751026|1150920|40000223091|NIDO MILK PWDR NIDO FCRM  28.16OZ|006-108|ETHNIC|6|GENERAL GROCERIES|0.0|Consumables|A|N
5751027|1150920|40000223091|NIDO MILK PWDR NIDO FCRM  28.16OZ|006-108|ETHNIC|6|GENERAL GROCERIES|20.0|Consumables|C4|N
5751028|1150920|40000223091|NIDO MILK PWDR NIDO FCRM  28.16OZ|006-108|ETHNIC|6|GENERAL GROCERIES|0.0|Consumables|B|N
5751029|1150920|40000223091|NIDO MILK PWDR NIDO FCRM  28.16OZ|006-108|ETHNIC|6|GENERAL GROCERIES|0.0|Consumables|NoSegment-C|N
5892871|1160103|40000223091|NIDO MILK PWDR NIDO FCRM  28.16OZ|006-108|ETHNIC|6|GENERAL GROCERIES|36.0|Consumables|C4|N
5892872|1160103|40000223091|NIDO MILK PWDR NIDO FCRM  28.16OZ|006-108|ETHNIC|6|GENERAL GROCERIES|2.0|Consumables|B|N
5892873|1160103|40000223091|NIDO MILK PWDR NIDO FCRM  28.16OZ|006-108|ETHNIC|6|GENERAL GROCERIES|2.0|Consumables|NoSegment-C|N
6032085|1160110|40000223091|NIDO MILK PWDR NIDO FCRM  28.16OZ|006-108|ETHNIC|6|GENERAL GROCERIES|42.0|Consumables|C4|N
6032086|1160110|40000223091|NIDO MILK PWDR NIDO FCRM  28.16OZ|006-108|ETHNIC|6|GENERAL GROCERIES|2.0|Consumables|B|N
6032087|1160110|40000223091|NIDO MILK PWDR NIDO FCRM  28.16OZ|006-108|ETHNIC|6|GENERAL GROCERIES|0.0|Consumables|NoSegment-C|N
6171817|1160117|40000223091|NIDO MILK PWDR NIDO FCRM  28.16OZ|006-108|ETHNIC|6|GENERAL GROCERIES|38.0|Consumables|C4|N
6171818|1160117|40000223091|NIDO MILK PWDR NIDO FCRM  28.16OZ|006-108|ETHNIC|6|GENERAL GROCERIES|0.0|Consumables|B|N
6171819|1160117|40000223091|NIDO MILK PWDR NIDO FCRM  28.16OZ|006-108|ETHNIC|6|GENERAL GROCERIES|0.0|Consumables|NoSegment-C|N
6296708|1160124|40000223091|NIDO MILK PWDR NIDO FCRM  28.16OZ|006-108|ETHNIC|6|GENERAL GROCERIES|43.0|Consumables|C4|N
6296709|1160124|40000223091|NIDO MILK PWDR NIDO FCRM  28.16OZ|006-108|ETHNIC|6|GENERAL GROCERIES|1.0|Consumables|B|N
6296710|1160124|40000223091|NIDO MILK PWDR NIDO FCRM  28.16OZ|006-108|ETHNIC|6|GENERAL GROCERIES|2.0|Consumables|NoSegment-C|N
6453841|1160131|40000223091|NIDO MILK PWDR NIDO FCRM  28.16OZ|006-108|ETHNIC|6|GENERAL GROCERIES|31.0|Consumables|C4|N
6453842|1160131|40000223091|NIDO MILK PWDR NIDO FCRM  28.16OZ|006-108|ETHNIC|6|GENERAL GROCERIES|1.0|Consumables|B|N
6453843|1160131|40000223091|NIDO MILK PWDR NIDO FCRM  28.16OZ|006-108|ETHNIC|6|GENERAL GROCERIES|1.0|Consumables|NoSegment-C|N
6595252|1160207|40000223091|NIDO MILK PWDR NIDO FCRM  28.16OZ|006-108|ETHNIC|6|GENERAL GROCERIES|37.0|Consumables|C4|N
6595253|1160207|40000223091|NIDO MILK PWDR NIDO FCRM  28.16OZ|006-108|ETHNIC|6|GENERAL GROCERIES|0.0|Consumables|B|N
6595254|1160207|40000223091|NIDO MILK PWDR NIDO FCRM  28.16OZ|006-108|ETHNIC|6|GENERAL GROCERIES|3.0|Consumables|NoSegment-C|N
6720443|1160214|40000223091|NIDO MILK PWDR NIDO FCRM  28.16OZ|006-108|ETHNIC|6|GENERAL GROCERIES|39.0|Consumables|C4|N
6720444|1160214|40000223091|NIDO MILK PWDR NIDO FCRM  28.16OZ|006-108|ETHNIC|6|GENERAL GROCERIES|1.0|Consumables|B|N
6720445|1160214|40000223091|NIDO MILK PWDR NIDO FCRM  28.16OZ|006-108|ETHNIC|6|GENERAL GROCERIES|3.0|Consumables|NoSegment-C|N
6861186|1160221|40000223091|NIDO MILK PWDR NIDO FCRM  28.16OZ|006-108|ETHNIC|6|GENERAL GROCERIES|48.0|Consumables|C4|N
6861187|1160221|40000223091|NIDO MILK PWDR NIDO FCRM  28.16OZ|006-108|ETHNIC|6|GENERAL GROCERIES|1.0|Consumables|B|N
6861188|1160221|40000223091|NIDO MILK PWDR NIDO FCRM  28.16OZ|006-108|ETHNIC|6|GENERAL GROCERIES|1.0|Consumables|NoSegment-C|N
7019845|1160228|40000223091|NIDO MILK PWDR NIDO FCRM  28.16OZ|006-108|ETHNIC|6|GENERAL GROCERIES|29.0|Consumables|C4|N
7019846|1160228|40000223091|NIDO MILK PWDR NIDO FCRM  28.16OZ|006-108|ETHNIC|6|GENERAL GROCERIES|0.0|Consumables|B|N
7019847|1160228|40000223091|NIDO MILK PWDR NIDO FCRM  28.16OZ|006-108|ETHNIC|6|GENERAL GROCERIES|1.0|Consumables|NoSegment-C|N
7157078|1160306|40000223091|NIDO MILK PWDR NIDO FCRM  28.16OZ|006-108|ETHNIC|6|GENERAL GROCERIES|1.0|Consumables|B|N
7157079|1160306|40000223091|NIDO MILK PWDR NIDO FCRM  28.16OZ|006-108|ETHNIC|6|GENERAL GROCERIES|38.0|Consumables|C4|N
7303227|1160313|40000223091|NIDO MILK PWDR NIDO FCRM  28.16OZ|006-108|ETHNIC|6|GENERAL GROCERIES|41.0|Consumables|C4|N
7303228|1160313|40000223091|NIDO MILK PWDR NIDO FCRM  28.16OZ|006-108|ETHNIC|6|GENERAL GROCERIES|1.0|Consumables|B|N
7303229|1160313|40000223091|NIDO MILK PWDR NIDO FCRM  28.16OZ|006-108|ETHNIC|6|GENERAL GROCERIES|2.0|Consumables|NoSegment-C|N
7450269|1160320|40000223091|NIDO MILK PWDR NIDO FCRM  28.16OZ|006-108|ETHNIC|6|GENERAL GROCERIES|1.0|Consumables|B|N
7450270|1160320|40000223091|NIDO MILK PWDR NIDO FCRM  28.16OZ|006-108|ETHNIC|6|GENERAL GROCERIES|34.0|Consumables|C4|N
7591050|1160327|40000223091|NIDO MILK PWDR NIDO FCRM  28.16OZ|006-108|ETHNIC|6|GENERAL GROCERIES|0.0|Consumables|B|N
7591051|1160327|40000223091|NIDO MILK PWDR NIDO FCRM  28.16OZ|006-108|ETHNIC|6|GENERAL GROCERIES|48.0|Consumables|C4|N
7732132|1160403|40000223091|NIDO MILK PWDR NIDO FCRM  28.16OZ|006-108|ETHNIC|6|GENERAL GROCERIES|42.0|Consumables|C4|N
7732133|1160403|40000223091|NIDO MILK PWDR NIDO FCRM  28.16OZ|006-108|ETHNIC|6|GENERAL GROCERIES|0.0|Consumables|B|N
7732134|1160403|40000223091|NIDO MILK PWDR NIDO FCRM  28.16OZ|006-108|ETHNIC|6|GENERAL GROCERIES|1.0|Consumables|NoSegment-C|N
7874858|1160410|40000223091|NIDO MILK PWDR NIDO FCRM  28.16OZ|006-108|ETHNIC|6|GENERAL GROCERIES|35.0|Consumables|C4|N
7874859|1160410|40000223091|NIDO MILK PWDR NIDO FCRM  28.16OZ|006-108|ETHNIC|6|GENERAL GROCERIES|0.0|Consumables|B|N
7874860|1160410|40000223091|NIDO MILK PWDR NIDO FCRM  28.16OZ|006-108|ETHNIC|6|GENERAL GROCERIES|1.0|Consumables|NoSegment-C|N
8014533|1160417|40000223091|NIDO MILK PWDR NIDO FCRM  28.16OZ|006-108|ETHNIC|6|GENERAL GROCERIES|40.0|Consumables|C4|N
8014534|1160417|40000223091|NIDO MILK PWDR NIDO FCRM  28.16OZ|006-108|ETHNIC|6|GENERAL GROCERIES|0.0|Consumables|B|N
8014535|1160417|40000223091|NIDO MILK PWDR NIDO FCRM  28.16OZ|006-108|ETHNIC|6|GENERAL GROCERIES|0.0|Consumables|NoSegment-C|N
8154421|1160424|40000223091|NIDO MILK PWDR NIDO FCRM  28.16OZ|006-108|ETHNIC|6|GENERAL GROCERIES|36.0|Consumables|C4|N
8154422|1160424|40000223091|NIDO MILK PWDR NIDO FCRM  28.16OZ|006-108|ETHNIC|6|GENERAL GROCERIES|0.0|Consumables|B|N
8154423|1160424|40000223091|NIDO MILK PWDR NIDO FCRM  28.16OZ|006-108|ETHNIC|6|GENERAL GROCERIES|1.0|Consumables|NoSegment-C|N
8293805|1160501|40000223091|NIDO MILK PWDR NIDO FCRM  28.16OZ|006-108|ETHNIC|6|GENERAL GROCERIES|37.0|Consumables|C4|N
8293806|1160501|40000223091|NIDO MILK PWDR NIDO FCRM  28.16OZ|006-108|ETHNIC|6|GENERAL GROCERIES|1.0|Consumables|B|N
8293807|1160501|40000223091|NIDO MILK PWDR NIDO FCRM  28.16OZ|006-108|ETHNIC|6|GENERAL GROCERIES|1.0|Consumables|NoSegment-C|N
8431379|1160508|40000223091|NIDO MILK PWDR NIDO FCRM  28.16OZ|006-108|ETHNIC|6|GENERAL GROCERIES|52.0|Consumables|C4|N
8431380|1160508|40000223091|NIDO MILK PWDR NIDO FCRM  28.16OZ|006-108|ETHNIC|6|GENERAL GROCERIES|0.0|Consumables|B|N
8431381|1160508|40000223091|NIDO MILK PWDR NIDO FCRM  28.16OZ|006-108|ETHNIC|6|GENERAL GROCERIES|0.0|Consumables|NoSegment-C|N
8567420|1160515|40000223091|NIDO MILK PWDR NIDO FCRM  28.16OZ|006-108|ETHNIC|6|GENERAL GROCERIES|39.0|Consumables|C4|N
8567421|1160515|40000223091|NIDO MILK PWDR NIDO FCRM  28.16OZ|006-108|ETHNIC|6|GENERAL GROCERIES|0.0|Consumables|B|N
8567422|1160515|40000223091|NIDO MILK PWDR NIDO FCRM  28.16OZ|006-108|ETHNIC|6|GENERAL GROCERIES|0.0|Consumables|NoSegment-C|N
8703807|1160522|40000223091|NIDO MILK PWDR NIDO FCRM  28.16OZ|006-108|ETHNIC|6|GENERAL GROCERIES|37.0|Consumables|C4|N
8703808|1160522|40000223091|NIDO MILK PWDR NIDO FCRM  28.16OZ|006-108|ETHNIC|6|GENERAL GROCERIES|0.0|Consumables|B|N
8703809|1160522|40000223091|NIDO MILK PWDR NIDO FCRM  28.16OZ|006-108|ETHNIC|6|GENERAL GROCERIES|1.0|Consumables|NoSegment-C|N
8820994|1160605|40000223091|NIDO MILK PWDR NIDO FCRM  28.16OZ|006-108|ETHNIC|6|GENERAL GROCERIES|2.0|Consumables|B|N
8820995|1160605|40000223091|NIDO MILK PWDR NIDO FCRM  28.16OZ|006-108|ETHNIC|6|GENERAL GROCERIES|43.0|Consumables|C4|N
8867057|1160612|40000223091|NIDO MILK PWDR NIDO FCRM  28.16OZ|006-108|ETHNIC|6|GENERAL GROCERIES|1.0|Consumables|B|N
8867058|1160612|40000223091|NIDO MILK PWDR NIDO FCRM  28.16OZ|006-108|ETHNIC|6|GENERAL GROCERIES|1.0|Consumables|NoSegment-C|N
8867059|1160612|40000223091|NIDO MILK PWDR NIDO FCRM  28.16OZ|006-108|ETHNIC|6|GENERAL GROCERIES|53.0|Consumables|C4|N
9001105|1160626|40000223091|NIDO MILK PWDR NIDO FCRM  28.16OZ|006-108|ETHNIC|6|GENERAL GROCERIES|1.0|Consumables|B|N
9001106|1160626|40000223091|NIDO MILK PWDR NIDO FCRM  28.16OZ|006-108|ETHNIC|6|GENERAL GROCERIES|27.0|Consumables|C4|N
9140131|1160703|40000223091|NIDO MILK PWDR NIDO FCRM  28.16OZ|006-108|ETHNIC|6|GENERAL GROCERIES|0.0|Consumables|B|N
9140132|1160703|40000223091|NIDO MILK PWDR NIDO FCRM  28.16OZ|006-108|ETHNIC|6|GENERAL GROCERIES|32.0|Consumables|C4|N
9280021|1160710|40000223091|NIDO MILK PWDR NIDO FCRM  28.16OZ|006-108|ETHNIC|6|GENERAL GROCERIES|1.0|Consumables|B|N
9280022|1160710|40000223091|NIDO MILK PWDR NIDO FCRM  28.16OZ|006-108|ETHNIC|6|GENERAL GROCERIES|49.0|Consumables|C4|N
9419839|1160717|40000223091|NIDO MILK PWDR NIDO FCRM  28.16OZ|006-108|ETHNIC|6|GENERAL GROCERIES|1.0|Consumables|B|N
9419840|1160717|40000223091|NIDO MILK PWDR NIDO FCRM  28.16OZ|006-108|ETHNIC|6|GENERAL GROCERIES|42.0|Consumables|C4|N
9419841|1160717|40000223091|NIDO MILK PWDR NIDO FCRM  28.16OZ|006-108|ETHNIC|6|GENERAL GROCERIES|0.0|Consumables|NoSegment-C|N
9651327|1160724|40000223091|NIDO MILK PWDR NIDO FCRM  28.16OZ|006-108|ETHNIC|6|GENERAL GROCERIES|1.0|Consumables|B|N
9651328|1160724|40000223091|NIDO MILK PWDR NIDO FCRM  28.16OZ|006-108|ETHNIC|6|GENERAL GROCERIES|1.0|Consumables|NoSegment-C|N
9651329|1160724|40000223091|NIDO MILK PWDR NIDO FCRM  28.16OZ|006-108|ETHNIC|6|GENERAL GROCERIES|48.0|Consumables|C4|N
9698771|1160731|40000223091|NIDO MILK PWDR NIDO FCRM  28.16OZ|006-108|ETHNIC|6|GENERAL GROCERIES|1.0|Consumables|B|N
9698772|1160731|40000223091|NIDO MILK PWDR NIDO FCRM  28.16OZ|006-108|ETHNIC|6|GENERAL GROCERIES|0.0|Consumables|NoSegment-C|N
9698773|1160731|40000223091|NIDO MILK PWDR NIDO FCRM  28.16OZ|006-108|ETHNIC|6|GENERAL GROCERIES|37.0|Consumables|C4|N
9936353|1160807|40000223091|NIDO MILK PWDR NIDO FCRM  28.16OZ|006-108|ETHNIC|6|GENERAL GROCERIES|1.0|Consumables|B|N
9936354|1160807|40000223091|NIDO MILK PWDR NIDO FCRM  28.16OZ|006-108|ETHNIC|6|GENERAL GROCERIES|0.0|Consumables|NoSegment-C|N
9936355|1160807|40000223091|NIDO MILK PWDR NIDO FCRM  28.16OZ|006-108|ETHNIC|6|GENERAL GROCERIES|33.0|Consumables|C4|N
9986233|1160814|40000223091|NIDO MILK PWDR NIDO FCRM  28.16OZ|006-108|ETHNIC|6|GENERAL GROCERIES|2.0|Consumables|B|N
9986234|1160814|40000223091|NIDO MILK PWDR NIDO FCRM  28.16OZ|006-108|ETHNIC|6|GENERAL GROCERIES|1.0|Consumables|NoSegment-C|N
9986235|1160814|40000223091|NIDO MILK PWDR NIDO FCRM  28.16OZ|006-108|ETHNIC|6|GENERAL GROCERIES|34.0|Consumables|C4|N
10131041|1160821|40000223091|NIDO MILK PWDR NIDO FCRM  28.16OZ|006-108|ETHNIC|6|GENERAL GROCERIES|0.0|Consumables|B|N
10131042|1160821|40000223091|NIDO MILK PWDR NIDO FCRM  28.16OZ|006-108|ETHNIC|6|GENERAL GROCERIES|26.0|Consumables|C4|N
10131043|1160821|40000223091|NIDO MILK PWDR NIDO FCRM  28.16OZ|006-108|ETHNIC|6|GENERAL GROCERIES|0.0|Consumables|NoSegment-C|N
10375782|1160828|40000223091|NIDO MILK PWDR NIDO FCRM  28.16OZ|006-108|ETHNIC|6|GENERAL GROCERIES|0.0|Consumables|B|N
10375783|1160828|40000223091|NIDO MILK PWDR NIDO FCRM  28.16OZ|006-108|ETHNIC|6|GENERAL GROCERIES|27.0|Consumables|C4|N
10496818|1160904|40000223091|NIDO MILK PWDR NIDO FCRM  28.16OZ|175-112|BAKING|175|BAKING|0.0|Consumables|B|N
10496819|1160904|40000223091|NIDO MILK PWDR NIDO FCRM  28.16OZ|175-112|BAKING|175|BAKING|0.0|Consumables|NoSegment-C|N
10496820|1160904|40000223091|NIDO MILK PWDR NIDO FCRM  28.16OZ|175-112|BAKING|175|BAKING|20.0|Consumables|C4|N
10635632|1160911|40000223091|NIDO MILK PWDR NIDO FCRM  28.16OZ|175-112|BAKING|175|BAKING|0.0|Consumables|B|N
10635633|1160911|40000223091|NIDO MILK PWDR NIDO FCRM  28.16OZ|175-112|BAKING|175|BAKING|0.0|Consumables|NoSegment-C|N
10635634|1160911|40000223091|NIDO MILK PWDR NIDO FCRM  28.16OZ|175-112|BAKING|175|BAKING|15.0|Consumables|C4|N
10775941|1160918|40000223091|NIDO MILK PWDR NIDO FCRM  28.16OZ|175-112|BAKING|175|BAKING|2.0|Consumables|B|N
10775942|1160918|40000223091|NIDO MILK PWDR NIDO FCRM  28.16OZ|175-112|BAKING|175|BAKING|0.0|Consumables|NoSegment-C|N
10775943|1160918|40000223091|NIDO MILK PWDR NIDO FCRM  28.16OZ|175-112|BAKING|175|BAKING|15.0|Consumables|C4|N
10917008|1160925|40000223091|NIDO MILK PWDR NIDO FCRM  28.16OZ|175-112|BAKING|175|BAKING|2.0|Consumables|B|N
10917009|1160925|40000223091|NIDO MILK PWDR NIDO FCRM  28.16OZ|175-112|BAKING|175|BAKING|0.0|Consumables|NoSegment-C|N
10917010|1160925|40000223091|NIDO MILK PWDR NIDO FCRM  28.16OZ|175-112|BAKING|175|BAKING|20.0|Consumables|C4|N
11058710|1161002|40000223091|NIDO MILK PWDR NIDO FCRM  28.16OZ|175-112|BAKING|175|BAKING|2.0|Consumables|B|N
11058711|1161002|40000223091|NIDO MILK PWDR NIDO FCRM  28.16OZ|175-112|BAKING|175|BAKING|0.0|Consumables|NoSegment-C|N
11058712|1161002|40000223091|NIDO MILK PWDR NIDO FCRM  28.16OZ|175-112|BAKING|175|BAKING|67.0|Consumables|C4|N
11217518|1161009|40000223091|NIDO MILK PWDR NIDO FCRM  28.16OZ|175-112|BAKING|175|BAKING|0.0|Consumables|B|N
11217519|1161009|40000223091|NIDO MILK PWDR NIDO FCRM  28.16OZ|175-112|BAKING|175|BAKING|0.0|Consumables|NoSegment-C|N
11217520|1161009|40000223091|NIDO MILK PWDR NIDO FCRM  28.16OZ|175-112|BAKING|175|BAKING|11.0|Consumables|C4|N
11343653|1161016|40000223091|NIDO MILK PWDR NIDO FCRM  28.16OZ|175-112|BAKING|175|BAKING|0.0|Consumables|B|N
11343654|1161016|40000223091|NIDO MILK PWDR NIDO FCRM  28.16OZ|175-112|BAKING|175|BAKING|-1.0|Consumables|NoSegment-C|N
11343655|1161016|40000223091|NIDO MILK PWDR NIDO FCRM  28.16OZ|175-112|BAKING|175|BAKING|10.0|Consumables|C4|N
11393306|1161023|40000223091|NIDO MILK PWDR NIDO FCRM  28.16OZ|175-112|BAKING|175|BAKING|0.0|Consumables|B|N
11393307|1161023|40000223091|NIDO MILK PWDR NIDO FCRM  28.16OZ|175-112|BAKING|175|BAKING|0.0|Consumables|NoSegment-C|N
11393308|1161023|40000223091|NIDO MILK PWDR NIDO FCRM  28.16OZ|175-112|BAKING|175|BAKING|4.0|Consumables|C4|N
11627063|1161030|40000223091|NIDO MILK PWDR NIDO FCRM  28.16OZ|175-112|BAKING|175|BAKING|0.0|Consumables|B|N
11627064|1161030|40000223091|NIDO MILK PWDR NIDO FCRM  28.16OZ|175-112|BAKING|175|BAKING|0.0|Consumables|NoSegment-C|N
11627065|1161030|40000223091|NIDO MILK PWDR NIDO FCRM  28.16OZ|175-112|BAKING|175|BAKING|7.0|Consumables|C4|N
11676693|1161106|40000223091|NIDO MILK PWDR NIDO FCRM  28.16OZ|175-112|BAKING|175|BAKING|0.0|Consumables|B|N
11676694|1161106|40000223091|NIDO MILK PWDR NIDO FCRM  28.16OZ|175-112|BAKING|175|BAKING|0.0|Consumables|NoSegment-C|N
11676695|1161106|40000223091|NIDO MILK PWDR NIDO FCRM  28.16OZ|175-112|BAKING|175|BAKING|9.0|Consumables|C4|N
11927056|1161113|40000223091|NIDO MILK PWDR NIDO FCRM  28.16OZ|175-112|BAKING|175|BAKING|0.0|Consumables|B|N
11927057|1161113|40000223091|NIDO MILK PWDR NIDO FCRM  28.16OZ|175-112|BAKING|175|BAKING|0.0|Consumables|NoSegment-C|N
11927058|1161113|40000223091|NIDO MILK PWDR NIDO FCRM  28.16OZ|175-112|BAKING|175|BAKING|6.0|Consumables|C4|N
12049870|1161120|40000223091|NIDO MILK PWDR NIDO FCRM  28.16OZ|175-112|BAKING|175|BAKING|0.0|Consumables|B|N
12049871|1161120|40000223091|NIDO MILK PWDR NIDO FCRM  28.16OZ|175-112|BAKING|175|BAKING|0.0|Consumables|NoSegment-C|N
12049872|1161120|40000223091|NIDO MILK PWDR NIDO FCRM  28.16OZ|175-112|BAKING|175|BAKING|2.0|Consumables|C4|N
12188499|1161127|40000223091|NIDO MILK PWDR NIDO FCRM  28.16OZ|175-112|BAKING|175|BAKING|0.0|Consumables|B|N
12188500|1161127|40000223091|NIDO MILK PWDR NIDO FCRM  28.16OZ|175-112|BAKING|175|BAKING|0.0|Consumables|NoSegment-C|N
12188501|1161127|40000223091|NIDO MILK PWDR NIDO FCRM  28.16OZ|175-112|BAKING|175|BAKING|4.0|Consumables|C4|N
12236536|1161204|40000223091|NIDO MILK PWDR NIDO FCRM  28.16OZ|175-112|BAKING|175|BAKING|0.0|Consumables|NoSegment-C|N
12236537|1161204|40000223091|NIDO MILK PWDR NIDO FCRM  28.16OZ|175-112|BAKING|175|BAKING|3.0|Consumables|C4|N
12461688|1161211|40000223091|NIDO MILK PWDR NIDO FCRM  28.16OZ|175-112|BAKING|175|BAKING|0.0|Consumables|NoSegment-C|N
12461689|1161211|40000223091|NIDO MILK PWDR NIDO FCRM  28.16OZ|175-112|BAKING|175|BAKING|13.0|Consumables|C4|N
12509444|1161218|40000223091|NIDO MILK PWDR NIDO FCRM  28.16OZ|175-112|BAKING|175|BAKING|0.0|Consumables|NoSegment-C|N
12509445|1161218|40000223091|NIDO MILK PWDR NIDO FCRM  28.16OZ|175-112|BAKING|175|BAKING|3.0|Consumables|C4|N
12747402|1161225|40000223091|NIDO MILK PWDR NIDO FCRM  28.16OZ|175-112|BAKING|175|BAKING|0.0|Consumables|NoSegment-C|N
12747403|1161225|40000223091|NIDO MILK PWDR NIDO FCRM  28.16OZ|175-112|BAKING|175|BAKING|9.0|Consumables|C4|N
12777777|1170101|40000223091|NIDO MILK PWDR NIDO FCRM  28.16OZ|175-112|BAKING|175|BAKING|0.0|Consumables|NoSegment-C|N
12777778|1170101|40000223091|NIDO MILK PWDR NIDO FCRM  28.16OZ|175-112|BAKING|175|BAKING|4.0|Consumables|C4|N
13006258|1170108|40000223091|NIDO MILK PWDR NIDO FCRM  28.16OZ|175-112|BAKING|175|BAKING|0.0|Consumables|NoSegment-C|N
13006259|1170108|40000223091|NIDO MILK PWDR NIDO FCRM  28.16OZ|175-112|BAKING|175|BAKING|4.0|Consumables|C4|N
13144697|1170115|40000223091|NIDO MILK PWDR NIDO FCRM  28.16OZ|175-112|BAKING|175|BAKING|0.0|Consumables|NoSegment-C|N
13144698|1170115|40000223091|NIDO MILK PWDR NIDO FCRM  28.16OZ|175-112|BAKING|175|BAKING|1.0|Consumables|C4|N
13192355|1170122|40000223091|NIDO MILK PWDR NIDO FCRM  28.16OZ|175-112|BAKING|175|BAKING|0.0|Consumables|NoSegment-C|N
13192356|1170122|40000223091|NIDO MILK PWDR NIDO FCRM  28.16OZ|175-112|BAKING|175|BAKING|6.0|Consumables|C4|N
13422721|1170129|40000223091|NIDO MILK PWDR NIDO FCRM  28.16OZ|175-112|BAKING|175|BAKING|0.0|Consumables|NoSegment-C|N
13422722|1170129|40000223091|NIDO MILK PWDR NIDO FCRM  28.16OZ|175-112|BAKING|175|BAKING|5.0|Consumables|C4|N
13564512|1170205|40000223091|NIDO MILK PWDR NIDO FCRM  28.16OZ|175-112|BAKING|175|BAKING|2.0|Consumables|C4|N
13706112|1170212|40000223091|NIDO MILK PWDR NIDO FCRM  28.16OZ|175-112|BAKING|175|BAKING|3.0|Consumables|C4|N
13865818|1170219|40000223091|NIDO MILK PWDR NIDO FCRM  28.16OZ|175-112|BAKING|175|BAKING|1.0|Consumables|C4|N
14010445|1170226|40000223091|NIDO MILK PWDR NIDO FCRM  28.16OZ|175-112|BAKING|175|BAKING|1.0|Consumables|C4|N
14042987|1170305|40000223091|NIDO MILK PWDR NIDO FCRM  28.16OZ|175-112|BAKING|175|BAKING|0.0|Consumables|C4|N
14423066|1170319|40000223091|NIDO MILK PWDR NIDO FCRM  28.16OZ|175-112|BAKING|175|BAKING|0.0|Consumables|NoSegment-C|N
14423067|1170319|40000223091|NIDO MILK PWDR NIDO FCRM  28.16OZ|175-112|BAKING|175|BAKING|2.0|Consumables|C4|N
14568049|1170326|40000223091|NIDO MILK PWDR NIDO FCRM  28.16OZ|175-112|BAKING|175|BAKING|0.0|Consumables|NoSegment-C|N
14568050|1170326|40000223091|NIDO MILK PWDR NIDO FCRM  28.16OZ|175-112|BAKING|175|BAKING|5.0|Consumables|C4|N
14861182|1170409|40000223091|NIDO MILK PWDR NIDO FCRM  28.16OZ|175-112|BAKING|175|BAKING|0.0|Consumables|NoSegment-C|N
14861183|1170409|40000223091|NIDO MILK PWDR NIDO FCRM  28.16OZ|175-112|BAKING|175|BAKING|0.0|Consumables|C4|N
14911503|1170416|40000223091|NIDO MILK PWDR NIDO FCRM  28.16OZ|175-112|BAKING|175|BAKING|0.0|Consumables|NoSegment-C|N
14911504|1170416|40000223091|NIDO MILK PWDR NIDO FCRM  28.16OZ|175-112|BAKING|175|BAKING|0.0|Consumables|C4|N
15168247|1170423|40000223091|NIDO MILK PWDR NIDO FCRM  28.16OZ|175-112|BAKING|175|BAKING|0.0|Consumables|NoSegment-C|N
15168248|1170423|40000223091|NIDO MILK PWDR NIDO FCRM  28.16OZ|175-112|BAKING|175|BAKING|1.0|Consumables|C4|N
15201315|1170430|40000223091|NIDO MILK PWDR NIDO FCRM  28.16OZ|175-112|BAKING|175|BAKING|0.0|Consumables|NoSegment-C|N
15201316|1170430|40000223091|NIDO MILK PWDR NIDO FCRM  28.16OZ|175-112|BAKING|175|BAKING|0.0|Consumables|C4|N
15342102|1170507|40000223091|NIDO MILK PWDR NIDO FCRM  28.16OZ|175-112|BAKING|175|BAKING|0.0|Consumables|C4|N
15478382|1170514|40000223091|NIDO MILK PWDR NIDO FCRM  28.16OZ|175-112|BAKING|175|BAKING|4.0|Consumables|C4|N
15613634|1170521|40000223091|NIDO MILK PWDR NIDO FCRM  28.16OZ|175-112|BAKING|175|BAKING|17.0|Consumables|C4|N
15850475|1170528|40000223091|NIDO MILK PWDR NIDO FCRM  28.16OZ|175-112|BAKING|175|BAKING|22.0|Consumables|C4|N
15881109|1170604|40000223091|NIDO MILK PWDR NIDO FCRM  28.16OZ|175-112|BAKING|175|BAKING|27.0|Consumables|C4|N
16021841|1170611|40000223091|NIDO MILK PWDR NIDO FCRM  28.16OZ|175-112|BAKING|175|BAKING|-1.0|Consumables|B|N
16021842|1170611|40000223091|NIDO MILK PWDR NIDO FCRM  28.16OZ|175-112|BAKING|175|BAKING|17.0|Consumables|C4|N
16250060|1170618|40000223091|NIDO MILK PWDR NIDO FCRM  28.16OZ|175-112|BAKING|175|BAKING|2.0|Consumables|B|N
16250061|1170618|40000223091|NIDO MILK PWDR NIDO FCRM  28.16OZ|175-112|BAKING|175|BAKING|23.0|Consumables|C4|N
16385634|1170625|40000223091|NIDO MILK PWDR NIDO FCRM  28.16OZ|175-112|BAKING|175|BAKING|0.0|Consumables|B|N
16385635|1170625|40000223091|NIDO MILK PWDR NIDO FCRM  28.16OZ|175-112|BAKING|175|BAKING|23.0|Consumables|C4|N
16431657|1170702|40000223091|NIDO MILK PWDR NIDO FCRM  28.16OZ|175-112|BAKING|175|BAKING|21.0|Consumables|C4|N
16654826|1170709|40000223091|NIDO MILK PWDR NIDO FCRM  28.16OZ|175-112|BAKING|175|BAKING|26.0|Consumables|C4|N
16791368|1170709|40000223091|NIDO MILK PWDR NIDO FCRM  28.16OZ|175-112|BAKING|175|BAKING|26.0|Consumables|C4|N
16945188|1170716|40000223091|NIDO MILK PWDR NIDO FCRM  28.16OZ|175-112|BAKING|175|BAKING|1.0|Consumables|NoSegment-C|N
16945189|1170716|40000223091|NIDO MILK PWDR NIDO FCRM  28.16OZ|175-112|BAKING|175|BAKING|28.0|Consumables|C4|N
17065630|1170723|40000223091|NIDO MILK PWDR NIDO FCRM  28.16OZ|175-112|BAKING|175|BAKING|0.0|Consumables|B|N
17065631|1170723|40000223091|NIDO MILK PWDR NIDO FCRM  28.16OZ|175-112|BAKING|175|BAKING|17.0|Consumables|C4|N
17112447|1170730|40000223091|NIDO MILK PWDR NIDO FCRM  28.16OZ|175-112|BAKING|175|BAKING|0.0|Consumables|B|N
17112448|1170730|40000223091|NIDO MILK PWDR NIDO FCRM  28.16OZ|175-112|BAKING|175|BAKING|20.0|Consumables|C4|N
17368198|1170806|40000223091|NIDO MILK PWDR NIDO FCRM  28.16OZ|175-112|BAKING|175|BAKING|0.0|Consumables|B|N
17368199|1170806|40000223091|NIDO MILK PWDR NIDO FCRM  28.16OZ|175-112|BAKING|175|BAKING|25.0|Consumables|C4|N
17514140|1170813|40000223091|NIDO MILK PWDR NIDO FCRM  28.16OZ|175-112|BAKING|175|BAKING|1.0|Consumables|B|N
17514141|1170813|40000223091|NIDO MILK PWDR NIDO FCRM  28.16OZ|175-112|BAKING|175|BAKING|2.0|Consumables|NoSegment-C|N
17514142|1170813|40000223091|NIDO MILK PWDR NIDO FCRM  28.16OZ|175-112|BAKING|175|BAKING|28.0|Consumables|C4|N
17642144|1170820|40000223091|NIDO MILK PWDR NIDO FCRM  28.16OZ|175-112|BAKING|175|BAKING|0.0|Consumables|B|N
17642145|1170820|40000223091|NIDO MILK PWDR NIDO FCRM  28.16OZ|175-112|BAKING|175|BAKING|3.0|Consumables|NoSegment-C|N
17642146|1170820|40000223091|NIDO MILK PWDR NIDO FCRM  28.16OZ|175-112|BAKING|175|BAKING|40.0|Consumables|C4|N
17692300|1170827|40000223091|NIDO MILK PWDR NIDO FCRM  28.16OZ|175-112|BAKING|175|BAKING|3.0|Consumables|NoSegment-C|N
17692301|1170827|40000223091|NIDO MILK PWDR NIDO FCRM  28.16OZ|175-112|BAKING|175|BAKING|37.0|Consumables|C4|N
17829344|1170903|40000223091|NIDO MILK PWDR NIDO FCRM  28.16OZ|175-112|BAKING|175|BAKING|1.0|Consumables|NoSegment-C|N
17829345|1170903|40000223091|NIDO MILK PWDR NIDO FCRM  28.16OZ|175-112|BAKING|175|BAKING|183.0|Consumables|C4|N
18078116|1170910|40000223091|NIDO MILK PWDR NIDO FCRM  28.16OZ|175-112|BAKING|175|BAKING|5.0|Consumables|NoSegment-C|N
18078117|1170910|40000223091|NIDO MILK PWDR NIDO FCRM  28.16OZ|175-112|BAKING|175|BAKING|13.0|Consumables|C4|N
18109968|1170917|40000223091|NIDO MILK PWDR NIDO FCRM  28.16OZ|175-112|BAKING|175|BAKING|1.0|Consumables|NoSegment-C|N
18109969|1170917|40000223091|NIDO MILK PWDR NIDO FCRM  28.16OZ|175-112|BAKING|175|BAKING|22.0|Consumables|C4|N
18246031|1170924|40000223091|NIDO MILK PWDR NIDO FCRM  28.16OZ|175-112|BAKING|175|BAKING|2.0|Consumables|NoSegment-C|N
18246032|1170924|40000223091|NIDO MILK PWDR NIDO FCRM  28.16OZ|175-112|BAKING|175|BAKING|34.0|Consumables|C4|N
18477211|1171001|40000223091|NIDO MILK PWDR NIDO FCRM  28.16OZ|175-112|BAKING|175|BAKING|5.0|Consumables|NoSegment-C|N
18477212|1171001|40000223091|NIDO MILK PWDR NIDO FCRM  28.16OZ|175-112|BAKING|175|BAKING|23.0|Consumables|C4|N
18597007|1171008|40000223091|NIDO MILK PWDR NIDO FCRM  28.16OZ|175-112|BAKING|175|BAKING|2.0|Consumables|NoSegment-C|N
18597008|1171008|40000223091|NIDO MILK PWDR NIDO FCRM  28.16OZ|175-112|BAKING|175|BAKING|21.0|Consumables|C4|N
18750142|1171015|40000223091|NIDO MILK PWDR NIDO FCRM  28.16OZ|175-112|BAKING|175|BAKING|2.0|Consumables|NoSegment-C|N
18750143|1171015|40000223091|NIDO MILK PWDR NIDO FCRM  28.16OZ|175-112|BAKING|175|BAKING|27.0|Consumables|C4|N
18870127|1171022|40000223091|NIDO MILK PWDR NIDO FCRM  28.16OZ|175-112|BAKING|175|BAKING|2.0|Consumables|NoSegment-C|N
18870128|1171022|40000223091|NIDO MILK PWDR NIDO FCRM  28.16OZ|175-112|BAKING|175|BAKING|27.0|Consumables|C4|N
19006124|1171029|40000223091|NIDO MILK PWDR NIDO FCRM  28.16OZ|175-112|BAKING|175|BAKING|2.0|Consumables|NoSegment-C|N
19006125|1171029|40000223091|NIDO MILK PWDR NIDO FCRM  28.16OZ|175-112|BAKING|175|BAKING|29.0|Consumables|C4|N
19142797|1171105|40000223091|NIDO MILK PWDR NIDO FCRM  28.16OZ|175-112|BAKING|175|BAKING|36.0|Consumables|C4|N
19279309|1171112|40000223091|NIDO MILK PWDR NIDO FCRM  28.16OZ|175-112|BAKING|175|BAKING|3.0|Consumables|NoSegment-C|N
19279310|1171112|40000223091|NIDO MILK PWDR NIDO FCRM  28.16OZ|175-112|BAKING|175|BAKING|33.0|Consumables|C4|N
19416056|1171119|40000223091|NIDO MILK PWDR NIDO FCRM  28.16OZ|175-112|BAKING|175|BAKING|1.0|Consumables|NoSegment-C|N
19416057|1171119|40000223091|NIDO MILK PWDR NIDO FCRM  28.16OZ|175-112|BAKING|175|BAKING|37.0|Consumables|C4|N
